_name,_code,_name,description,type_code,code_3,currency,currency_code,landlocked,distance,group_code,sub_continent_id,legal_origin_code,region_code,admin_region_code,income_code,capital,lending_code,fred,plt,wb
Arab World,1A,Arab World,NULL,CNT,ARB,NULL,NULL,NULL,NULL,NA,NULL,NULL,NULL,,NA,,,NULL,NULL,NULL
World,1W,World,NULL,CNT,WLD,NULL,NULL,NULL,NULL,NA,NULL,NULL,NULL,,NA,,,NULL,NULL,NULL
East Asia & Pacific (excluding high income),4E,East Asia & Pacific (excluding high income),NULL,CNT,EAP,NULL,NULL,NULL,NULL,NA,NULL,NULL,NULL,,NA,,,NULL,NULL,NULL
"IDA total, excluding Sub-Saharan Africa",6D,"IDA total, excluding Sub-Saharan Africa",NULL,CNT,DXS,NULL,NULL,NULL,NULL,NA,NULL,NULL,NULL,,NA,,,NULL,NULL,NULL
"IDA countries classified as fragile situations, excluding Sub-Saharan Africa",6F,"IDA countries classified as fragile situations, excluding Sub-Saharan Africa",NULL,CNT,FXS,NULL,NULL,NULL,NULL,NA,NULL,NULL,NULL,,NA,,,NULL,NULL,NULL
"Non-resource rich Sub-Saharan Africa countries, of which landlocked",6L,"Non-resource rich Sub-Saharan Africa countries, of which landlocked",NULL,CNT,NLS,NULL,NULL,NULL,NULL,NA,NULL,NULL,NULL,,NA,,,NULL,NULL,NULL
"IDA countries not classified as fragile situations, excluding Sub-Saharan Africa",6N,"IDA countries not classified as fragile situations, excluding Sub-Saharan Africa",NULL,CNT,NXS,NULL,NULL,NULL,NULL,NA,NULL,NULL,NULL,,NA,,,NULL,NULL,NULL
Non-resource rich Sub-Saharan Africa countries,6X,Non-resource rich Sub-Saharan Africa countries,NULL,CNT,NRS,NULL,NULL,NULL,NULL,NA,NULL,NULL,NULL,,NA,,,NULL,NULL,NULL
Europe & Central Asia (excluding high income),7E,Europe & Central Asia (excluding high income),NULL,CNT,ECA,NULL,NULL,NULL,NULL,NA,NULL,NULL,NULL,,NA,,,NULL,NULL,NULL
South Asia,8S,South Asia,NULL,CNT,SAS,NULL,NULL,NULL,NULL,NA,NULL,NULL,NULL,,NA,,,NULL,NULL,NULL
Sub-Saharan Africa excluding South Africa,A4,Sub-Saharan Africa excluding South Africa,NULL,CNT,SXZ,NULL,NULL,NULL,NULL,NA,NULL,NULL,NULL,,NA,,,NULL,NULL,NULL
Sub-Saharan Africa excluding South Africa and Nigeria,A5,Sub-Saharan Africa excluding South Africa and Nigeria,NULL,CNT,XZN,NULL,NULL,NULL,NULL,NA,NULL,NULL,NULL,,NA,,,NULL,NULL,NULL
Africa,A9,Africa,NULL,CNT,AFR,NULL,NULL,NULL,NULL,NA,NULL,NULL,NULL,,NA,,,NULL,NULL,NULL
Andorra,AD,Andorra,NULL,CNT,AND,NULL,NULL,NULL,NULL,Z7,NULL,NULL,NULL,,XD,Andorra la Vella,XX,NULL,NULL,NULL
United Arab Emirates,AE,United Arab Emirates,NULL,CNT,ARE,NULL,NULL,NULL,NULL,ZQ,NULL,NULL,NULL,,XD,Abu Dhabi,XX,NULL,NULL,NULL
Afghanistan,AF,Afghanistan,NULL,CNT,AFG,NULL,NULL,NULL,NULL,8S,NULL,NULL,NULL,8S,XM,Kabul,XI,NULL,NULL,NULL
Antigua and Barbuda,AG,Antigua and Barbuda,NULL,CNT,ATG,NULL,NULL,NULL,NULL,ZJ,NULL,NULL,NULL,,XD,Saint John's,XF,NULL,NULL,NULL
Albania,AL,Albania,NULL,CNT,ALB,NULL,NULL,NULL,NULL,Z7,NULL,NULL,NULL,7E,XT,Tirane,XF,NULL,NULL,NULL
Armenia,AM,Armenia,NULL,CNT,ARM,NULL,NULL,NULL,NULL,Z7,NULL,NULL,NULL,7E,XN,Yerevan,XF,NULL,NULL,NULL
Angola,AO,Angola,NULL,CNT,AGO,NULL,NULL,NULL,NULL,ZG,NULL,NULL,NULL,ZF,XN,Luanda,XF,NULL,NULL,NULL
Argentina,AR,Argentina,NULL,CNT,ARG,NULL,NULL,NULL,NULL,ZJ,NULL,NULL,NULL,XJ,XT,Buenos Aires,XF,NULL,NULL,NULL
American Samoa,AS,American Samoa,NULL,CNT,ASM,NULL,NULL,NULL,NULL,Z4,NULL,NULL,NULL,4E,XT,Pago Pago,XX,NULL,NULL,NULL
Austria,AT,Austria,NULL,CNT,AUT,NULL,NULL,NULL,NULL,Z7,NULL,NULL,NULL,,XD,Vienna,XX,NULL,NULL,NULL
Australia,AU,Australia,NULL,CNT,AUS,NULL,NULL,NULL,NULL,Z4,NULL,NULL,NULL,,XD,Canberra,XX,NULL,NULL,NULL
Aruba,AW,Aruba,NULL,CNT,ABW,NULL,NULL,NULL,NULL,ZJ,NULL,NULL,NULL,,XD,Oranjestad,XX,NULL,NULL,NULL
Azerbaijan,AZ,Azerbaijan,NULL,CNT,AZE,NULL,NULL,NULL,NULL,Z7,NULL,NULL,NULL,7E,XT,Baku,XF,NULL,NULL,NULL
IBRD countries classified as high income,B1,IBRD countries classified as high income,NULL,CNT,BHI,NULL,NULL,NULL,NULL,NA,NULL,NULL,NULL,,NA,,,NULL,NULL,NULL
Latin America & the Caribbean (IBRD-only countries),B2,Latin America & the Caribbean (IBRD-only countries),NULL,CNT,BLA,NULL,NULL,NULL,NULL,NA,NULL,NULL,NULL,,NA,,,NULL,NULL,NULL
Middle East & North Africa (IBRD-only countries),B3,Middle East & North Africa (IBRD-only countries),NULL,CNT,BMN,NULL,NULL,NULL,NULL,NA,NULL,NULL,NULL,,NA,,,NULL,NULL,NULL
East Asia & Pacific (IBRD-only countries),B4,East Asia & Pacific (IBRD-only countries),NULL,CNT,BEA,NULL,NULL,NULL,NULL,NA,NULL,NULL,NULL,,NA,,,NULL,NULL,NULL
Sub-Saharan Africa (IBRD-only countries),B6,Sub-Saharan Africa (IBRD-only countries),NULL,CNT,BSS,NULL,NULL,NULL,NULL,NA,NULL,NULL,NULL,,NA,,,NULL,NULL,NULL
Europe & Central Asia (IBRD-only countries),B7,Europe & Central Asia (IBRD-only countries),NULL,CNT,BEC,NULL,NULL,NULL,NULL,NA,NULL,NULL,NULL,,NA,,,NULL,NULL,NULL
Central Europe and the Baltics,B8,Central Europe and the Baltics,NULL,CNT,CEB,NULL,NULL,NULL,NULL,NA,NULL,NULL,NULL,,NA,,,NULL,NULL,NULL
Bosnia and Herzegovina,BA,Bosnia and Herzegovina,NULL,CNT,BIH,NULL,NULL,NULL,NULL,Z7,NULL,NULL,NULL,7E,XT,Sarajevo,XF,NULL,NULL,NULL
Barbados,BB,Barbados,NULL,CNT,BRB,NULL,NULL,NULL,NULL,ZJ,NULL,NULL,NULL,,XD,Bridgetown,XX,NULL,NULL,NULL
Bangladesh,BD,Bangladesh,NULL,CNT,BGD,NULL,NULL,NULL,NULL,8S,NULL,NULL,NULL,8S,XN,Dhaka,XI,NULL,NULL,NULL
Belgium,BE,Belgium,NULL,CNT,BEL,NULL,NULL,NULL,NULL,Z7,NULL,NULL,NULL,,XD,Brussels,XX,NULL,NULL,NULL
Burkina Faso,BF,Burkina Faso,NULL,CNT,BFA,NULL,NULL,NULL,NULL,ZG,NULL,NULL,NULL,ZF,XM,Ouagadougou,XI,NULL,NULL,NULL
Bulgaria,BG,Bulgaria,NULL,CNT,BGR,NULL,NULL,NULL,NULL,Z7,NULL,NULL,NULL,7E,XT,Sofia,XF,NULL,NULL,NULL
Bahrain,BH,Bahrain,NULL,CNT,BHR,NULL,NULL,NULL,NULL,ZQ,NULL,NULL,NULL,,XD,Manama,XX,NULL,NULL,NULL
Burundi,BI,Burundi,NULL,CNT,BDI,NULL,NULL,NULL,NULL,ZG,NULL,NULL,NULL,ZF,XM,Bujumbura,XI,NULL,NULL,NULL
Benin,BJ,Benin,NULL,CNT,BEN,NULL,NULL,NULL,NULL,ZG,NULL,NULL,NULL,ZF,XM,Porto-Novo,XI,NULL,NULL,NULL
Bermuda,BM,Bermuda,NULL,CNT,BMU,NULL,NULL,NULL,NULL,XU,NULL,NULL,NULL,,XD,Hamilton,XX,NULL,NULL,NULL
Brunei Darussalam,BN,Brunei Darussalam,NULL,CNT,BRN,NULL,NULL,NULL,NULL,Z4,NULL,NULL,NULL,,XD,Bandar Seri Begawan,XX,NULL,NULL,NULL
Bolivia,BO,Bolivia,NULL,CNT,BOL,NULL,NULL,NULL,NULL,ZJ,NULL,NULL,NULL,XJ,XN,La Paz,XF,NULL,NULL,NULL
Brazil,BR,Brazil,NULL,CNT,BRA,NULL,NULL,NULL,NULL,ZJ,NULL,NULL,NULL,XJ,XT,Brasilia,XF,NULL,NULL,NULL
"Bahamas, The",BS,"Bahamas, The",NULL,CNT,BHS,NULL,NULL,NULL,NULL,ZJ,NULL,NULL,NULL,,XD,Nassau,XX,NULL,NULL,NULL
Bhutan,BT,Bhutan,NULL,CNT,BTN,NULL,NULL,NULL,NULL,8S,NULL,NULL,NULL,8S,XN,Thimphu,XI,NULL,NULL,NULL
Botswana,BW,Botswana,NULL,CNT,BWA,NULL,NULL,NULL,NULL,ZG,NULL,NULL,NULL,ZF,XT,Gaborone,XF,NULL,NULL,NULL
Belarus,BY,Belarus,NULL,CNT,BLR,NULL,NULL,NULL,NULL,Z7,NULL,NULL,NULL,7E,XT,Minsk,XF,NULL,NULL,NULL
Belize,BZ,Belize,NULL,CNT,BLZ,NULL,NULL,NULL,NULL,ZJ,NULL,NULL,NULL,XJ,XT,Belmopan,XF,NULL,NULL,NULL
East Asia and the Pacific (IFC classification),C4,East Asia and the Pacific (IFC classification),NULL,CNT,CEA,NULL,NULL,NULL,NULL,NA,NULL,NULL,NULL,,NA,,,NULL,NULL,NULL
Europe and Central Asia (IFC classification),C5,Europe and Central Asia (IFC classification),NULL,CNT,CEU,NULL,NULL,NULL,NULL,NA,NULL,NULL,NULL,,NA,,,NULL,NULL,NULL
Latin America and the Caribbean (IFC classification),C6,Latin America and the Caribbean (IFC classification),NULL,CNT,CLA,NULL,NULL,NULL,NULL,NA,NULL,NULL,NULL,,NA,,,NULL,NULL,NULL
Middle East and North Africa (IFC classification),C7,Middle East and North Africa (IFC classification),NULL,CNT,CME,NULL,NULL,NULL,NULL,NA,NULL,NULL,NULL,,NA,,,NULL,NULL,NULL
South Asia (IFC classification),C8,South Asia (IFC classification),NULL,CNT,CSA,NULL,NULL,NULL,NULL,NA,NULL,NULL,NULL,,NA,,,NULL,NULL,NULL
Sub-Saharan Africa (IFC classification),C9,Sub-Saharan Africa (IFC classification),NULL,CNT,CAA,NULL,NULL,NULL,NULL,NA,NULL,NULL,NULL,,NA,,,NULL,NULL,NULL
Canada,CA,Canada,NULL,CNT,CAN,NULL,NULL,NULL,NULL,XU,NULL,NULL,NULL,,XD,Ottawa,XX,NULL,NULL,NULL
"Congo, Dem. Rep.",CD,"Congo, Dem. Rep.",NULL,CNT,COD,NULL,NULL,NULL,NULL,ZG,NULL,NULL,NULL,ZF,XM,Kinshasa,XI,NULL,NULL,NULL
Central African Republic,CF,Central African Republic,NULL,CNT,CAF,NULL,NULL,NULL,NULL,ZG,NULL,NULL,NULL,ZF,XM,Bangui,XI,NULL,NULL,NULL
"Congo, Rep.",CG,"Congo, Rep.",NULL,CNT,COG,NULL,NULL,NULL,NULL,ZG,NULL,NULL,NULL,ZF,XN,Brazzaville,XH,NULL,NULL,NULL
Switzerland,CH,Switzerland,NULL,CNT,CHE,NULL,NULL,NULL,NULL,Z7,NULL,NULL,NULL,,XD,Bern,XX,NULL,NULL,NULL
Cote d'Ivoire,CI,Cote d'Ivoire,NULL,CNT,CIV,NULL,NULL,NULL,NULL,ZG,NULL,NULL,NULL,ZF,XN,Yamoussoukro,XI,NULL,NULL,NULL
Chile,CL,Chile,NULL,CNT,CHL,NULL,NULL,NULL,NULL,ZJ,NULL,NULL,NULL,,XD,Santiago,XF,NULL,NULL,NULL
Cameroon,CM,Cameroon,NULL,CNT,CMR,NULL,NULL,NULL,NULL,ZG,NULL,NULL,NULL,ZF,XN,Yaounde,XH,NULL,NULL,NULL
China,CN,China,NULL,CNT,CHN,NULL,NULL,NULL,NULL,Z4,NULL,NULL,NULL,4E,XT,Beijing,XF,NULL,NULL,NULL
Colombia,CO,Colombia,NULL,CNT,COL,NULL,NULL,NULL,NULL,ZJ,NULL,NULL,NULL,XJ,XT,Bogota,XF,NULL,NULL,NULL
Costa Rica,CR,Costa Rica,NULL,CNT,CRI,NULL,NULL,NULL,NULL,ZJ,NULL,NULL,NULL,XJ,XT,San Jose,XF,NULL,NULL,NULL
Cuba,CU,Cuba,NULL,CNT,CUB,NULL,NULL,NULL,NULL,ZJ,NULL,NULL,NULL,XJ,XT,Havana,XX,NULL,NULL,NULL
Cabo Verde,CV,Cabo Verde,NULL,CNT,CPV,NULL,NULL,NULL,NULL,ZG,NULL,NULL,NULL,ZF,XN,Praia,XH,NULL,NULL,NULL
Curacao,CW,Curacao,NULL,CNT,CUW,NULL,NULL,NULL,NULL,ZJ,NULL,NULL,NULL,,XD,Willemstad,XX,NULL,NULL,NULL
Cyprus,CY,Cyprus,NULL,CNT,CYP,NULL,NULL,NULL,NULL,Z7,NULL,NULL,NULL,,XD,Nicosia,XX,NULL,NULL,NULL
Czech Republic,CZ,Czech Republic,NULL,CNT,CZE,NULL,NULL,NULL,NULL,Z7,NULL,NULL,NULL,,XD,Prague,XX,NULL,NULL,NULL
Latin America & the Caribbean (IDA-eligible countries),D2,Latin America & the Caribbean (IDA-eligible countries),NULL,CNT,DLA,NULL,NULL,NULL,NULL,NA,NULL,NULL,NULL,,NA,,,NULL,NULL,NULL
Middle East & North Africa (IDA-eligible countries),D3,Middle East & North Africa (IDA-eligible countries),NULL,CNT,DMN,NULL,NULL,NULL,NULL,NA,NULL,NULL,NULL,,NA,,,NULL,NULL,NULL
East Asia & Pacific (IDA-eligible countries),D4,East Asia & Pacific (IDA-eligible countries),NULL,CNT,DEA,NULL,NULL,NULL,NULL,NA,NULL,NULL,NULL,,NA,,,NULL,NULL,NULL
South Asia (IDA-eligible countries),D5,South Asia (IDA-eligible countries),NULL,CNT,DSA,NULL,NULL,NULL,NULL,NA,NULL,NULL,NULL,,NA,,,NULL,NULL,NULL
Sub-Saharan Africa (IDA-eligible countries),D6,Sub-Saharan Africa (IDA-eligible countries),NULL,CNT,DSS,NULL,NULL,NULL,NULL,NA,NULL,NULL,NULL,,NA,,,NULL,NULL,NULL
Europe & Central Asia (IDA-eligible countries),D7,Europe & Central Asia (IDA-eligible countries),NULL,CNT,DEC,NULL,NULL,NULL,NULL,NA,NULL,NULL,NULL,,NA,,,NULL,NULL,NULL
IDA countries classified as Fragile Situations,D8,IDA countries classified as Fragile Situations,NULL,CNT,DFS,NULL,NULL,NULL,NULL,NA,NULL,NULL,NULL,,NA,,,NULL,NULL,NULL
IDA countries not classified as Fragile Situations,D9,IDA countries not classified as Fragile Situations,NULL,CNT,DNF,NULL,NULL,NULL,NULL,NA,NULL,NULL,NULL,,NA,,,NULL,NULL,NULL
Germany,DE,Germany,NULL,CNT,DEU,NULL,NULL,NULL,NULL,Z7,NULL,NULL,NULL,,XD,Berlin,XX,NULL,NULL,NULL
Djibouti,DJ,Djibouti,NULL,CNT,DJI,NULL,NULL,NULL,NULL,ZQ,NULL,NULL,NULL,XQ,XN,Djibouti,XI,NULL,NULL,NULL
Denmark,DK,Denmark,NULL,CNT,DNK,NULL,NULL,NULL,NULL,Z7,NULL,NULL,NULL,,XD,Copenhagen,XX,NULL,NULL,NULL
Dominica,DM,Dominica,NULL,CNT,DMA,NULL,NULL,NULL,NULL,ZJ,NULL,NULL,NULL,XJ,XT,Roseau,XH,NULL,NULL,NULL
Dominican Republic,DO,Dominican Republic,NULL,CNT,DOM,NULL,NULL,NULL,NULL,ZJ,NULL,NULL,NULL,XJ,XT,Santo Domingo,XF,NULL,NULL,NULL
Algeria,DZ,Algeria,NULL,CNT,DZA,NULL,NULL,NULL,NULL,ZQ,NULL,NULL,NULL,XQ,XT,Algiers,XF,NULL,NULL,NULL
Ecuador,EC,Ecuador,NULL,CNT,ECU,NULL,NULL,NULL,NULL,ZJ,NULL,NULL,NULL,XJ,XT,Quito,XF,NULL,NULL,NULL
Estonia,EE,Estonia,NULL,CNT,EST,NULL,NULL,NULL,NULL,Z7,NULL,NULL,NULL,,XD,Tallinn,XX,NULL,NULL,NULL
"Egypt, Arab Rep.",EG,"Egypt, Arab Rep.",NULL,CNT,EGY,NULL,NULL,NULL,NULL,ZQ,NULL,NULL,NULL,XQ,XN,Cairo,XF,NULL,NULL,NULL
Eritrea,ER,Eritrea,NULL,CNT,ERI,NULL,NULL,NULL,NULL,ZG,NULL,NULL,NULL,ZF,XM,Asmara,XI,NULL,NULL,NULL
Spain,ES,Spain,NULL,CNT,ESP,NULL,NULL,NULL,NULL,Z7,NULL,NULL,NULL,,XD,Madrid,XX,NULL,NULL,NULL
Ethiopia,ET,Ethiopia,NULL,CNT,ETH,NULL,NULL,NULL,NULL,ZG,NULL,NULL,NULL,ZF,XM,Addis Ababa,XI,NULL,NULL,NULL
European Union,EU,European Union,NULL,CNT,EUU,NULL,NULL,NULL,NULL,NA,NULL,NULL,NULL,,NA,,,NULL,NULL,NULL
Fragile and conflict affected situations,F1,Fragile and conflict affected situations,NULL,CNT,FCS,NULL,NULL,NULL,NULL,NA,NULL,NULL,NULL,,NA,,,NULL,NULL,NULL
IDA countries in Sub-Saharan Africa classified as fragile situations ,F6,IDA countries in Sub-Saharan Africa classified as fragile situations ,NULL,CNT,DSF,NULL,NULL,NULL,NULL,NA,NULL,NULL,NULL,,NA,,,NULL,NULL,NULL
Finland,FI,Finland,NULL,CNT,FIN,NULL,NULL,NULL,NULL,Z7,NULL,NULL,NULL,,XD,Helsinki,XX,NULL,NULL,NULL
Fiji,FJ,Fiji,NULL,CNT,FJI,NULL,NULL,NULL,NULL,Z4,NULL,NULL,NULL,4E,XT,Suva,XF,NULL,NULL,NULL
"Micronesia, Fed. Sts.",FM,"Micronesia, Fed. Sts.",NULL,CNT,FSM,NULL,NULL,NULL,NULL,Z4,NULL,NULL,NULL,4E,XN,Palikir,XI,NULL,NULL,NULL
Faroe Islands,FO,Faroe Islands,NULL,CNT,FRO,NULL,NULL,NULL,NULL,Z7,NULL,NULL,NULL,,XD,Torshavn,XX,NULL,NULL,NULL
France,FR,France,NULL,CNT,FRA,NULL,NULL,NULL,NULL,Z7,NULL,NULL,NULL,,XD,Paris,XX,NULL,NULL,NULL
Gabon,GA,Gabon,NULL,CNT,GAB,NULL,NULL,NULL,NULL,ZG,NULL,NULL,NULL,ZF,XT,Libreville,XF,NULL,NULL,NULL
United Kingdom,GB,United Kingdom,NULL,CNT,GBR,NULL,NULL,NULL,NULL,Z7,NULL,NULL,NULL,,XD,London,XX,NULL,NULL,NULL
Grenada,GD,Grenada,NULL,CNT,GRD,NULL,NULL,NULL,NULL,ZJ,NULL,NULL,NULL,XJ,XT,Saint George's,XH,NULL,NULL,NULL
Georgia,GE,Georgia,NULL,CNT,GEO,NULL,NULL,NULL,NULL,Z7,NULL,NULL,NULL,7E,XN,Tbilisi,XF,NULL,NULL,NULL
Ghana,GH,Ghana,NULL,CNT,GHA,NULL,NULL,NULL,NULL,ZG,NULL,NULL,NULL,ZF,XN,Accra,XI,NULL,NULL,NULL
Gibraltar,GI,Gibraltar,NULL,CNT,GIB,NULL,NULL,NULL,NULL,Z7,NULL,NULL,NULL,,XD,,XX,NULL,NULL,NULL
Greenland,GL,Greenland,NULL,CNT,GRL,NULL,NULL,NULL,NULL,Z7,NULL,NULL,NULL,,XD,Nuuk,XX,NULL,NULL,NULL
"Gambia, The",GM,"Gambia, The",NULL,CNT,GMB,NULL,NULL,NULL,NULL,ZG,NULL,NULL,NULL,ZF,XM,Banjul,XI,NULL,NULL,NULL
Guinea,GN,Guinea,NULL,CNT,GIN,NULL,NULL,NULL,NULL,ZG,NULL,NULL,NULL,ZF,XM,Conakry,XI,NULL,NULL,NULL
Equatorial Guinea,GQ,Equatorial Guinea,NULL,CNT,GNQ,NULL,NULL,NULL,NULL,ZG,NULL,NULL,NULL,ZF,XT,Malabo,XF,NULL,NULL,NULL
Greece,GR,Greece,NULL,CNT,GRC,NULL,NULL,NULL,NULL,Z7,NULL,NULL,NULL,,XD,Athens,XX,NULL,NULL,NULL
Guatemala,GT,Guatemala,NULL,CNT,GTM,NULL,NULL,NULL,NULL,ZJ,NULL,NULL,NULL,XJ,XN,Guatemala City,XF,NULL,NULL,NULL
Guam,GU,Guam,NULL,CNT,GUM,NULL,NULL,NULL,NULL,Z4,NULL,NULL,NULL,,XD,Agana,XX,NULL,NULL,NULL
Guinea-Bissau,GW,Guinea-Bissau,NULL,CNT,GNB,NULL,NULL,NULL,NULL,ZG,NULL,NULL,NULL,ZF,XM,Bissau,XI,NULL,NULL,NULL
Guyana,GY,Guyana,NULL,CNT,GUY,NULL,NULL,NULL,NULL,ZJ,NULL,NULL,NULL,XJ,XT,Georgetown,XI,NULL,NULL,NULL
"Hong Kong SAR, China",HK,"Hong Kong SAR, China",NULL,CNT,HKG,NULL,NULL,NULL,NULL,Z4,NULL,NULL,NULL,,XD,,XX,NULL,NULL,NULL
Honduras,HN,Honduras,NULL,CNT,HND,NULL,NULL,NULL,NULL,ZJ,NULL,NULL,NULL,XJ,XN,Tegucigalpa,XI,NULL,NULL,NULL
Croatia,HR,Croatia,NULL,CNT,HRV,NULL,NULL,NULL,NULL,Z7,NULL,NULL,NULL,7E,XT,Zagreb,XF,NULL,NULL,NULL
Haiti,HT,Haiti,NULL,CNT,HTI,NULL,NULL,NULL,NULL,ZJ,NULL,NULL,NULL,XJ,XM,Port-au-Prince,XI,NULL,NULL,NULL
Hungary,HU,Hungary,NULL,CNT,HUN,NULL,NULL,NULL,NULL,Z7,NULL,NULL,NULL,,XD,Budapest,XX,NULL,NULL,NULL
Indonesia,ID,Indonesia,NULL,CNT,IDN,NULL,NULL,NULL,NULL,Z4,NULL,NULL,NULL,4E,XN,Jakarta,XF,NULL,NULL,NULL
Ireland,IE,Ireland,NULL,CNT,IRL,NULL,NULL,NULL,NULL,Z7,NULL,NULL,NULL,,XD,Dublin,XX,NULL,NULL,NULL
Israel,IL,Israel,NULL,CNT,ISR,NULL,NULL,NULL,NULL,ZQ,NULL,NULL,NULL,,XD,,XX,NULL,NULL,NULL
Isle of Man,IM,Isle of Man,NULL,CNT,IMN,NULL,NULL,NULL,NULL,Z7,NULL,NULL,NULL,,XD,Douglas,XX,NULL,NULL,NULL
India,IN,India,NULL,CNT,IND,NULL,NULL,NULL,NULL,8S,NULL,NULL,NULL,8S,XN,New Delhi,XF,NULL,NULL,NULL
Iraq,IQ,Iraq,NULL,CNT,IRQ,NULL,NULL,NULL,NULL,ZQ,NULL,NULL,NULL,XQ,XT,Baghdad,XF,NULL,NULL,NULL
"Iran, Islamic Rep.",IR,"Iran, Islamic Rep.",NULL,CNT,IRN,NULL,NULL,NULL,NULL,ZQ,NULL,NULL,NULL,XQ,XT,Tehran,XF,NULL,NULL,NULL
Iceland,IS,Iceland,NULL,CNT,ISL,NULL,NULL,NULL,NULL,Z7,NULL,NULL,NULL,,XD,Reykjavik,XX,NULL,NULL,NULL
Italy,IT,Italy,NULL,CNT,ITA,NULL,NULL,NULL,NULL,Z7,NULL,NULL,NULL,,XD,Rome,XX,NULL,NULL,NULL
Channel Islands,JG,Channel Islands,NULL,CNT,CHI,NULL,NULL,NULL,NULL,Z7,NULL,NULL,NULL,,XD,,XX,NULL,NULL,NULL
Jamaica,JM,Jamaica,NULL,CNT,JAM,NULL,NULL,NULL,NULL,ZJ,NULL,NULL,NULL,XJ,XT,Kingston,XF,NULL,NULL,NULL
Jordan,JO,Jordan,NULL,CNT,JOR,NULL,NULL,NULL,NULL,ZQ,NULL,NULL,NULL,XQ,XN,Amman,XF,NULL,NULL,NULL
Japan,JP,Japan,NULL,CNT,JPN,NULL,NULL,NULL,NULL,Z4,NULL,NULL,NULL,,XD,Tokyo,XX,NULL,NULL,NULL
Kenya,KE,Kenya,NULL,CNT,KEN,NULL,NULL,NULL,NULL,ZG,NULL,NULL,NULL,ZF,XN,Nairobi,XH,NULL,NULL,NULL
Kyrgyz Republic,KG,Kyrgyz Republic,NULL,CNT,KGZ,NULL,NULL,NULL,NULL,Z7,NULL,NULL,NULL,7E,XN,Bishkek,XI,NULL,NULL,NULL
Cambodia,KH,Cambodia,NULL,CNT,KHM,NULL,NULL,NULL,NULL,Z4,NULL,NULL,NULL,4E,XN,Phnom Penh,XI,NULL,NULL,NULL
Kiribati,KI,Kiribati,NULL,CNT,KIR,NULL,NULL,NULL,NULL,Z4,NULL,NULL,NULL,4E,XN,Tarawa,XI,NULL,NULL,NULL
Comoros,KM,Comoros,NULL,CNT,COM,NULL,NULL,NULL,NULL,ZG,NULL,NULL,NULL,ZF,XM,Moroni,XI,NULL,NULL,NULL
St. Kitts and Nevis,KN,St. Kitts and Nevis,NULL,CNT,KNA,NULL,NULL,NULL,NULL,ZJ,NULL,NULL,NULL,,XD,Basseterre,XF,NULL,NULL,NULL
"Korea, Dem. People’s Rep.",KP,"Korea, Dem. People’s Rep.",NULL,CNT,PRK,NULL,NULL,NULL,NULL,Z4,NULL,NULL,NULL,4E,XM,Pyongyang,XX,NULL,NULL,NULL
"Korea, Rep.",KR,"Korea, Rep.",NULL,CNT,KOR,NULL,NULL,NULL,NULL,Z4,NULL,NULL,NULL,,XD,Seoul,XX,NULL,NULL,NULL
Kuwait,KW,Kuwait,NULL,CNT,KWT,NULL,NULL,NULL,NULL,ZQ,NULL,NULL,NULL,,XD,Kuwait City,XX,NULL,NULL,NULL
Cayman Islands,KY,Cayman Islands,NULL,CNT,CYM,NULL,NULL,NULL,NULL,ZJ,NULL,NULL,NULL,,XD,George Town,XX,NULL,NULL,NULL
Kazakhstan,KZ,Kazakhstan,NULL,CNT,KAZ,NULL,NULL,NULL,NULL,Z7,NULL,NULL,NULL,7E,XT,Astana,XF,NULL,NULL,NULL
Latin America and the Caribbean,L4,Latin America and the Caribbean,NULL,CNT,LCR,NULL,NULL,NULL,NULL,NA,NULL,NULL,NULL,,NA,,,NULL,NULL,NULL
Andean Region,L5,Andean Region,NULL,CNT,ANR,NULL,NULL,NULL,NULL,NA,NULL,NULL,NULL,,NA,,,NULL,NULL,NULL
Central America,L6,Central America,NULL,CNT,MCA,NULL,NULL,NULL,NULL,NA,NULL,NULL,NULL,,NA,,,NULL,NULL,NULL
Southern Cone,L7,Southern Cone,NULL,CNT,SCE,NULL,NULL,NULL,NULL,NA,NULL,NULL,NULL,,NA,,,NULL,NULL,NULL
Lao PDR,LA,Lao PDR,NULL,CNT,LAO,NULL,NULL,NULL,NULL,Z4,NULL,NULL,NULL,4E,XN,Vientiane,XI,NULL,NULL,NULL
Lebanon,LB,Lebanon,NULL,CNT,LBN,NULL,NULL,NULL,NULL,ZQ,NULL,NULL,NULL,XQ,XT,Beirut,XF,NULL,NULL,NULL
St. Lucia,LC,St. Lucia,NULL,CNT,LCA,NULL,NULL,NULL,NULL,ZJ,NULL,NULL,NULL,XJ,XT,Castries,XH,NULL,NULL,NULL
Liechtenstein,LI,Liechtenstein,NULL,CNT,LIE,NULL,NULL,NULL,NULL,Z7,NULL,NULL,NULL,,XD,Vaduz,XX,NULL,NULL,NULL
Sri Lanka,LK,Sri Lanka,NULL,CNT,LKA,NULL,NULL,NULL,NULL,8S,NULL,NULL,NULL,8S,XN,Colombo,XF,NULL,NULL,NULL
Liberia,LR,Liberia,NULL,CNT,LBR,NULL,NULL,NULL,NULL,ZG,NULL,NULL,NULL,ZF,XM,Monrovia,XI,NULL,NULL,NULL
Lesotho,LS,Lesotho,NULL,CNT,LSO,NULL,NULL,NULL,NULL,ZG,NULL,NULL,NULL,ZF,XN,Maseru,XI,NULL,NULL,NULL
Lithuania,LT,Lithuania,NULL,CNT,LTU,NULL,NULL,NULL,NULL,Z7,NULL,NULL,NULL,,XD,Vilnius,XX,NULL,NULL,NULL
Luxembourg,LU,Luxembourg,NULL,CNT,LUX,NULL,NULL,NULL,NULL,Z7,NULL,NULL,NULL,,XD,Luxembourg,XX,NULL,NULL,NULL
Latvia,LV,Latvia,NULL,CNT,LVA,NULL,NULL,NULL,NULL,Z7,NULL,NULL,NULL,,XD,Riga,XX,NULL,NULL,NULL
Libya,LY,Libya,NULL,CNT,LBY,NULL,NULL,NULL,NULL,ZQ,NULL,NULL,NULL,XQ,XT,Tripoli,XF,NULL,NULL,NULL
Middle East (developing only),M1,Middle East (developing only),NULL,CNT,MDE,NULL,NULL,NULL,NULL,NA,NULL,NULL,NULL,,NA,,,NULL,NULL,NULL
North Africa,M2,North Africa,NULL,CNT,NAF,NULL,NULL,NULL,NULL,NA,NULL,NULL,NULL,,NA,,,NULL,NULL,NULL
Morocco,MA,Morocco,NULL,CNT,MAR,NULL,NULL,NULL,NULL,ZQ,NULL,NULL,NULL,XQ,XN,Rabat,XF,NULL,NULL,NULL
Monaco,MC,Monaco,NULL,CNT,MCO,NULL,NULL,NULL,NULL,Z7,NULL,NULL,NULL,,XD,Monaco,XX,NULL,NULL,NULL
Moldova,MD,Moldova,NULL,CNT,MDA,NULL,NULL,NULL,NULL,Z7,NULL,NULL,NULL,7E,XN,Chisinau,XH,NULL,NULL,NULL
Montenegro,ME,Montenegro,NULL,CNT,MNE,NULL,NULL,NULL,NULL,Z7,NULL,NULL,NULL,7E,XT,Podgorica,XF,NULL,NULL,NULL
St. Martin (French part),MF,St. Martin (French part),NULL,CNT,MAF,NULL,NULL,NULL,NULL,ZJ,NULL,NULL,NULL,,XD,Marigot,XX,NULL,NULL,NULL
Madagascar,MG,Madagascar,NULL,CNT,MDG,NULL,NULL,NULL,NULL,ZG,NULL,NULL,NULL,ZF,XM,Antananarivo,XI,NULL,NULL,NULL
Marshall Islands,MH,Marshall Islands,NULL,CNT,MHL,NULL,NULL,NULL,NULL,Z4,NULL,NULL,NULL,4E,XT,Majuro,XI,NULL,NULL,NULL
"Macedonia, FYR",MK,"Macedonia, FYR",NULL,CNT,MKD,NULL,NULL,NULL,NULL,Z7,NULL,NULL,NULL,7E,XT,Skopje,XF,NULL,NULL,NULL
Mali,ML,Mali,NULL,CNT,MLI,NULL,NULL,NULL,NULL,ZG,NULL,NULL,NULL,ZF,XM,Bamako,XI,NULL,NULL,NULL
Myanmar,MM,Myanmar,NULL,CNT,MMR,NULL,NULL,NULL,NULL,Z4,NULL,NULL,NULL,4E,XN,Naypyidaw,XI,NULL,NULL,NULL
Mongolia,MN,Mongolia,NULL,CNT,MNG,NULL,NULL,NULL,NULL,Z4,NULL,NULL,NULL,4E,XN,Ulaanbaatar,XH,NULL,NULL,NULL
"Macao SAR, China",MO,"Macao SAR, China",NULL,CNT,MAC,NULL,NULL,NULL,NULL,Z4,NULL,NULL,NULL,,XD,,XX,NULL,NULL,NULL
Northern Mariana Islands,MP,Northern Mariana Islands,NULL,CNT,MNP,NULL,NULL,NULL,NULL,Z4,NULL,NULL,NULL,,XD,Saipan,XX,NULL,NULL,NULL
Mauritania,MR,Mauritania,NULL,CNT,MRT,NULL,NULL,NULL,NULL,ZG,NULL,NULL,NULL,ZF,XN,Nouakchott,XI,NULL,NULL,NULL
Malta,MT,Malta,NULL,CNT,MLT,NULL,NULL,NULL,NULL,ZQ,NULL,NULL,NULL,,XD,Valletta,XX,NULL,NULL,NULL
Mauritius,MU,Mauritius,NULL,CNT,MUS,NULL,NULL,NULL,NULL,ZG,NULL,NULL,NULL,ZF,XT,Port Louis,XF,NULL,NULL,NULL
Maldives,MV,Maldives,NULL,CNT,MDV,NULL,NULL,NULL,NULL,8S,NULL,NULL,NULL,8S,XT,Male,XI,NULL,NULL,NULL
Malawi,MW,Malawi,NULL,CNT,MWI,NULL,NULL,NULL,NULL,ZG,NULL,NULL,NULL,ZF,XM,Lilongwe,XI,NULL,NULL,NULL
Mexico,MX,Mexico,NULL,CNT,MEX,NULL,NULL,NULL,NULL,ZJ,NULL,NULL,NULL,XJ,XT,Mexico City,XF,NULL,NULL,NULL
Malaysia,MY,Malaysia,NULL,CNT,MYS,NULL,NULL,NULL,NULL,Z4,NULL,NULL,NULL,4E,XT,Kuala Lumpur,XF,NULL,NULL,NULL
Mozambique,MZ,Mozambique,NULL,CNT,MOZ,NULL,NULL,NULL,NULL,ZG,NULL,NULL,NULL,ZF,XM,Maputo,XI,NULL,NULL,NULL
IDA countries in Sub-Saharan Africa not classified as fragile situations ,N6,IDA countries in Sub-Saharan Africa not classified as fragile situations ,NULL,CNT,DNS,NULL,NULL,NULL,NULL,NA,NULL,NULL,NULL,,NA,,,NULL,NULL,NULL
Namibia,NA,Namibia,NULL,CNT,NAM,NULL,NULL,NULL,NULL,ZG,NULL,NULL,NULL,ZF,XT,Windhoek,XF,NULL,NULL,NULL
New Caledonia,NC,New Caledonia,NULL,CNT,NCL,NULL,NULL,NULL,NULL,Z4,NULL,NULL,NULL,,XD,Noum'ea,XX,NULL,NULL,NULL
Niger,NE,Niger,NULL,CNT,NER,NULL,NULL,NULL,NULL,ZG,NULL,NULL,NULL,ZF,XM,Niamey,XI,NULL,NULL,NULL
Nigeria,NG,Nigeria,NULL,CNT,NGA,NULL,NULL,NULL,NULL,ZG,NULL,NULL,NULL,ZF,XN,Abuja,XH,NULL,NULL,NULL
Nicaragua,NI,Nicaragua,NULL,CNT,NIC,NULL,NULL,NULL,NULL,ZJ,NULL,NULL,NULL,XJ,XN,Managua,XI,NULL,NULL,NULL
Netherlands,NL,Netherlands,NULL,CNT,NLD,NULL,NULL,NULL,NULL,Z7,NULL,NULL,NULL,,XD,Amsterdam,XX,NULL,NULL,NULL
Norway,NO,Norway,NULL,CNT,NOR,NULL,NULL,NULL,NULL,Z7,NULL,NULL,NULL,,XD,Oslo,XX,NULL,NULL,NULL
Nepal,NP,Nepal,NULL,CNT,NPL,NULL,NULL,NULL,NULL,8S,NULL,NULL,NULL,8S,XM,Kathmandu,XI,NULL,NULL,NULL
Nauru,NR,Nauru,NULL,CNT,NRU,NULL,NULL,NULL,NULL,Z4,NULL,NULL,NULL,4E,XT,Yaren District,XF,NULL,NULL,NULL
New Zealand,NZ,New Zealand,NULL,CNT,NZL,NULL,NULL,NULL,NULL,Z4,NULL,NULL,NULL,,XD,Wellington,XX,NULL,NULL,NULL
"Resource rich Sub-Saharan Africa countries, of which oil exporters",O6,"Resource rich Sub-Saharan Africa countries, of which oil exporters",NULL,CNT,RSO,NULL,NULL,NULL,NULL,NA,NULL,NULL,NULL,,NA,,,NULL,NULL,NULL
OECD members,OE,OECD members,NULL,CNT,OED,NULL,NULL,NULL,NULL,NA,NULL,NULL,NULL,,NA,,,NULL,NULL,NULL
Oman,OM,Oman,NULL,CNT,OMN,NULL,NULL,NULL,NULL,ZQ,NULL,NULL,NULL,,XD,Muscat,XX,NULL,NULL,NULL
Panama,PA,Panama,NULL,CNT,PAN,NULL,NULL,NULL,NULL,ZJ,NULL,NULL,NULL,XJ,XT,Panama City,XF,NULL,NULL,NULL
Peru,PE,Peru,NULL,CNT,PER,NULL,NULL,NULL,NULL,ZJ,NULL,NULL,NULL,XJ,XT,Lima,XF,NULL,NULL,NULL
French Polynesia,PF,French Polynesia,NULL,CNT,PYF,NULL,NULL,NULL,NULL,Z4,NULL,NULL,NULL,,XD,Papeete,XX,NULL,NULL,NULL
Papua New Guinea,PG,Papua New Guinea,NULL,CNT,PNG,NULL,NULL,NULL,NULL,Z4,NULL,NULL,NULL,4E,XN,Port Moresby,XH,NULL,NULL,NULL
Philippines,PH,Philippines,NULL,CNT,PHL,NULL,NULL,NULL,NULL,Z4,NULL,NULL,NULL,4E,XN,Manila,XF,NULL,NULL,NULL
Pakistan,PK,Pakistan,NULL,CNT,PAK,NULL,NULL,NULL,NULL,8S,NULL,NULL,NULL,8S,XN,Islamabad,XH,NULL,NULL,NULL
Poland,PL,Poland,NULL,CNT,POL,NULL,NULL,NULL,NULL,Z7,NULL,NULL,NULL,,XD,Warsaw,XF,NULL,NULL,NULL
Puerto Rico,PR,Puerto Rico,NULL,CNT,PRI,NULL,NULL,NULL,NULL,ZJ,NULL,NULL,NULL,,XD,San Juan,XX,NULL,NULL,NULL
West Bank and Gaza,PS,West Bank and Gaza,NULL,CNT,PSE,NULL,NULL,NULL,NULL,ZQ,NULL,NULL,NULL,XQ,XN,,XX,NULL,NULL,NULL
Portugal,PT,Portugal,NULL,CNT,PRT,NULL,NULL,NULL,NULL,Z7,NULL,NULL,NULL,,XD,Lisbon,XX,NULL,NULL,NULL
Palau,PW,Palau,NULL,CNT,PLW,NULL,NULL,NULL,NULL,Z4,NULL,NULL,NULL,,XD,Koror,XF,NULL,NULL,NULL
Paraguay,PY,Paraguay,NULL,CNT,PRY,NULL,NULL,NULL,NULL,ZJ,NULL,NULL,NULL,XJ,XT,Asuncion,XF,NULL,NULL,NULL
Qatar,QA,Qatar,NULL,CNT,QAT,NULL,NULL,NULL,NULL,ZQ,NULL,NULL,NULL,,XD,Doha,XX,NULL,NULL,NULL
Resource rich Sub-Saharan Africa countries,R6,Resource rich Sub-Saharan Africa countries,NULL,CNT,RRS,NULL,NULL,NULL,NULL,NA,NULL,NULL,NULL,,NA,,,NULL,NULL,NULL
Romania,RO,Romania,NULL,CNT,ROU,NULL,NULL,NULL,NULL,Z7,NULL,NULL,NULL,7E,XT,Bucharest,XF,NULL,NULL,NULL
Serbia,RS,Serbia,NULL,CNT,SRB,NULL,NULL,NULL,NULL,Z7,NULL,NULL,NULL,7E,XT,Belgrade,XF,NULL,NULL,NULL
Russian Federation,RU,Russian Federation,NULL,CNT,RUS,NULL,NULL,NULL,NULL,Z7,NULL,NULL,NULL,7E,XT,Moscow,XF,NULL,NULL,NULL
Rwanda,RW,Rwanda,NULL,CNT,RWA,NULL,NULL,NULL,NULL,ZG,NULL,NULL,NULL,ZF,XM,Kigali,XI,NULL,NULL,NULL
Small states,S1,Small states,NULL,CNT,SST,NULL,NULL,NULL,NULL,NA,NULL,NULL,NULL,,NA,,,NULL,NULL,NULL
Pacific island small states,S2,Pacific island small states,NULL,CNT,PSS,NULL,NULL,NULL,NULL,NA,NULL,NULL,NULL,,NA,,,NULL,NULL,NULL
Caribbean small states,S3,Caribbean small states,NULL,CNT,CSS,NULL,NULL,NULL,NULL,NA,NULL,NULL,NULL,,NA,,,NULL,NULL,NULL
Other small states,S4,Other small states,NULL,CNT,OSS,NULL,NULL,NULL,NULL,NA,NULL,NULL,NULL,,NA,,,NULL,NULL,NULL
Saudi Arabia,SA,Saudi Arabia,NULL,CNT,SAU,NULL,NULL,NULL,NULL,ZQ,NULL,NULL,NULL,,XD,Riyadh,XX,NULL,NULL,NULL
Solomon Islands,SB,Solomon Islands,NULL,CNT,SLB,NULL,NULL,NULL,NULL,Z4,NULL,NULL,NULL,4E,XN,Honiara,XI,NULL,NULL,NULL
Seychelles,SC,Seychelles,NULL,CNT,SYC,NULL,NULL,NULL,NULL,ZG,NULL,NULL,NULL,,XD,Victoria,XF,NULL,NULL,NULL
Sudan,SD,Sudan,NULL,CNT,SDN,NULL,NULL,NULL,NULL,ZG,NULL,NULL,NULL,ZF,XN,Khartoum,XI,NULL,NULL,NULL
Sweden,SE,Sweden,NULL,CNT,SWE,NULL,NULL,NULL,NULL,Z7,NULL,NULL,NULL,,XD,Stockholm,XX,NULL,NULL,NULL
Singapore,SG,Singapore,NULL,CNT,SGP,NULL,NULL,NULL,NULL,Z4,NULL,NULL,NULL,,XD,Singapore,XX,NULL,NULL,NULL
Slovenia,SI,Slovenia,NULL,CNT,SVN,NULL,NULL,NULL,NULL,Z7,NULL,NULL,NULL,,XD,Ljubljana,XX,NULL,NULL,NULL
Slovak Republic,SK,Slovak Republic,NULL,CNT,SVK,NULL,NULL,NULL,NULL,Z7,NULL,NULL,NULL,,XD,Bratislava,XX,NULL,NULL,NULL
Sierra Leone,SL,Sierra Leone,NULL,CNT,SLE,NULL,NULL,NULL,NULL,ZG,NULL,NULL,NULL,ZF,XM,Freetown,XI,NULL,NULL,NULL
San Marino,SM,San Marino,NULL,CNT,SMR,NULL,NULL,NULL,NULL,Z7,NULL,NULL,NULL,,XD,San Marino,XX,NULL,NULL,NULL
Senegal,SN,Senegal,NULL,CNT,SEN,NULL,NULL,NULL,NULL,ZG,NULL,NULL,NULL,ZF,XM,Dakar,XI,NULL,NULL,NULL
Somalia,SO,Somalia,NULL,CNT,SOM,NULL,NULL,NULL,NULL,ZG,NULL,NULL,NULL,ZF,XM,Mogadishu,XI,NULL,NULL,NULL
Suriname,SR,Suriname,NULL,CNT,SUR,NULL,NULL,NULL,NULL,ZJ,NULL,NULL,NULL,XJ,XT,Paramaribo,XF,NULL,NULL,NULL
South Sudan,SS,South Sudan,NULL,CNT,SSD,NULL,NULL,NULL,NULL,ZG,NULL,NULL,NULL,ZF,XM,Juba,XI,NULL,NULL,NULL
Sao Tome and Principe,ST,Sao Tome and Principe,NULL,CNT,STP,NULL,NULL,NULL,NULL,ZG,NULL,NULL,NULL,ZF,XN,Sao Tome,XI,NULL,NULL,NULL
El Salvador,SV,El Salvador,NULL,CNT,SLV,NULL,NULL,NULL,NULL,ZJ,NULL,NULL,NULL,XJ,XN,San Salvador,XF,NULL,NULL,NULL
Sint Maarten (Dutch part),SX,Sint Maarten (Dutch part),NULL,CNT,SXM,NULL,NULL,NULL,NULL,ZJ,NULL,NULL,NULL,,XD,Philipsburg,XX,NULL,NULL,NULL
Syrian Arab Republic,SY,Syrian Arab Republic,NULL,CNT,SYR,NULL,NULL,NULL,NULL,ZQ,NULL,NULL,NULL,XQ,XN,Damascus,XI,NULL,NULL,NULL
Swaziland,SZ,Swaziland,NULL,CNT,SWZ,NULL,NULL,NULL,NULL,ZG,NULL,NULL,NULL,ZF,XN,Mbabane,XF,NULL,NULL,NULL
Latin America & the Caribbean (IDA & IBRD countries),T2,Latin America & the Caribbean (IDA & IBRD countries),NULL,CNT,TLA,NULL,NULL,NULL,NULL,NA,NULL,NULL,NULL,,NA,,,NULL,NULL,NULL
Middle East & North Africa (IDA & IBRD countries),T3,Middle East & North Africa (IDA & IBRD countries),NULL,CNT,TMN,NULL,NULL,NULL,NULL,NA,NULL,NULL,NULL,,NA,,,NULL,NULL,NULL
East Asia & Pacific (IDA & IBRD countries),T4,East Asia & Pacific (IDA & IBRD countries),NULL,CNT,TEA,NULL,NULL,NULL,NULL,NA,NULL,NULL,NULL,,NA,,,NULL,NULL,NULL
South Asia (IDA & IBRD),T5,South Asia (IDA & IBRD),NULL,CNT,TSA,NULL,NULL,NULL,NULL,NA,NULL,NULL,NULL,,NA,,,NULL,NULL,NULL
Sub-Saharan Africa (IDA & IBRD countries),T6,Sub-Saharan Africa (IDA & IBRD countries),NULL,CNT,TSS,NULL,NULL,NULL,NULL,NA,NULL,NULL,NULL,,NA,,,NULL,NULL,NULL
Europe & Central Asia (IDA & IBRD countries),T7,Europe & Central Asia (IDA & IBRD countries),NULL,CNT,TEC,NULL,NULL,NULL,NULL,NA,NULL,NULL,NULL,,NA,,,NULL,NULL,NULL
Turks and Caicos Islands,TC,Turks and Caicos Islands,NULL,CNT,TCA,NULL,NULL,NULL,NULL,ZJ,NULL,NULL,NULL,,XD,Grand Turk,XX,NULL,NULL,NULL
Chad,TD,Chad,NULL,CNT,TCD,NULL,NULL,NULL,NULL,ZG,NULL,NULL,NULL,ZF,XM,N'Djamena,XI,NULL,NULL,NULL
Togo,TG,Togo,NULL,CNT,TGO,NULL,NULL,NULL,NULL,ZG,NULL,NULL,NULL,ZF,XM,Lome,XI,NULL,NULL,NULL
Thailand,TH,Thailand,NULL,CNT,THA,NULL,NULL,NULL,NULL,Z4,NULL,NULL,NULL,4E,XT,Bangkok,XF,NULL,NULL,NULL
Tajikistan,TJ,Tajikistan,NULL,CNT,TJK,NULL,NULL,NULL,NULL,Z7,NULL,NULL,NULL,7E,XN,Dushanbe,XI,NULL,NULL,NULL
Timor-Leste,TL,Timor-Leste,NULL,CNT,TLS,NULL,NULL,NULL,NULL,Z4,NULL,NULL,NULL,4E,XN,Dili,XH,NULL,NULL,NULL
Turkmenistan,TM,Turkmenistan,NULL,CNT,TKM,NULL,NULL,NULL,NULL,Z7,NULL,NULL,NULL,7E,XT,Ashgabat,XF,NULL,NULL,NULL
Tunisia,TN,Tunisia,NULL,CNT,TUN,NULL,NULL,NULL,NULL,ZQ,NULL,NULL,NULL,XQ,XN,Tunis,XF,NULL,NULL,NULL
Tonga,TO,Tonga,NULL,CNT,TON,NULL,NULL,NULL,NULL,Z4,NULL,NULL,NULL,4E,XT,Nuku'alofa,XI,NULL,NULL,NULL
Turkey,TR,Turkey,NULL,CNT,TUR,NULL,NULL,NULL,NULL,Z7,NULL,NULL,NULL,7E,XT,Ankara,XF,NULL,NULL,NULL
Trinidad and Tobago,TT,Trinidad and Tobago,NULL,CNT,TTO,NULL,NULL,NULL,NULL,ZJ,NULL,NULL,NULL,,XD,Port-of-Spain,XF,NULL,NULL,NULL
Tuvalu,TV,Tuvalu,NULL,CNT,TUV,NULL,NULL,NULL,NULL,Z4,NULL,NULL,NULL,4E,XT,Funafuti,XI,NULL,NULL,NULL
"Taiwan, China",TW,"Taiwan, China",NULL,CNT,TWN,NULL,NULL,NULL,NULL,Z4,NULL,NULL,NULL,,XD,,XX,NULL,NULL,NULL
Tanzania,TZ,Tanzania,NULL,CNT,TZA,NULL,NULL,NULL,NULL,ZG,NULL,NULL,NULL,ZF,XM,Dodoma,XI,NULL,NULL,NULL
Ukraine,UA,Ukraine,NULL,CNT,UKR,NULL,NULL,NULL,NULL,Z7,NULL,NULL,NULL,7E,XN,Kiev,XF,NULL,NULL,NULL
Uganda,UG,Uganda,NULL,CNT,UGA,NULL,NULL,NULL,NULL,ZG,NULL,NULL,NULL,ZF,XM,Kampala,XI,NULL,NULL,NULL
United States,US,United States,NULL,CNT,USA,NULL,NULL,NULL,NULL,XU,NULL,NULL,NULL,,XD,Washington D.C.,XX,NULL,NULL,NULL
Uruguay,UY,Uruguay,NULL,CNT,URY,NULL,NULL,NULL,NULL,ZJ,NULL,NULL,NULL,,XD,Montevideo,XF,NULL,NULL,NULL
Uzbekistan,UZ,Uzbekistan,NULL,CNT,UZB,NULL,NULL,NULL,NULL,Z7,NULL,NULL,NULL,7E,XN,Tashkent,XH,NULL,NULL,NULL
Pre-demographic dividend,V1,Pre-demographic dividend,NULL,CNT,PRE,NULL,NULL,NULL,NULL,NA,NULL,NULL,NULL,,NA,,,NULL,NULL,NULL
Early-demographic dividend,V2,Early-demographic dividend,NULL,CNT,EAR,NULL,NULL,NULL,NULL,NA,NULL,NULL,NULL,,NA,,,NULL,NULL,NULL
Late-demographic dividend,V3,Late-demographic dividend,NULL,CNT,LTE,NULL,NULL,NULL,NULL,NA,NULL,NULL,NULL,,NA,,,NULL,NULL,NULL
Post-demographic dividend,V4,Post-demographic dividend,NULL,CNT,PST,NULL,NULL,NULL,NULL,NA,NULL,NULL,NULL,,NA,,,NULL,NULL,NULL
St. Vincent and the Grenadines,VC,St. Vincent and the Grenadines,NULL,CNT,VCT,NULL,NULL,NULL,NULL,ZJ,NULL,NULL,NULL,XJ,XT,Kingstown,XH,NULL,NULL,NULL
"Venezuela, RB",VE,"Venezuela, RB",NULL,CNT,VEN,NULL,NULL,NULL,NULL,ZJ,NULL,NULL,NULL,XJ,XT,Caracas,XF,NULL,NULL,NULL
British Virgin Islands,VG,British Virgin Islands,NULL,CNT,VGB,NULL,NULL,NULL,NULL,ZJ,NULL,NULL,NULL,,XD,Road Town,XX,NULL,NULL,NULL
Virgin Islands (U.S.),VI,Virgin Islands (U.S.),NULL,CNT,VIR,NULL,NULL,NULL,NULL,ZJ,NULL,NULL,NULL,,XD,Charlotte Amalie,XX,NULL,NULL,NULL
Vietnam,VN,Vietnam,NULL,CNT,VNM,NULL,NULL,NULL,NULL,Z4,NULL,NULL,NULL,4E,XN,Hanoi,XF,NULL,NULL,NULL
Vanuatu,VU,Vanuatu,NULL,CNT,VUT,NULL,NULL,NULL,NULL,Z4,NULL,NULL,NULL,4E,XN,Port-Vila,XI,NULL,NULL,NULL
Samoa,WS,Samoa,NULL,CNT,WSM,NULL,NULL,NULL,NULL,Z4,NULL,NULL,NULL,4E,XT,Apia,XI,NULL,NULL,NULL
Euro area,XC,Euro area,NULL,CNT,EMU,NULL,NULL,NULL,NULL,NA,NULL,NULL,NULL,,NA,,,NULL,NULL,NULL
High income,XD,High income,NULL,CNT,HIC,NULL,NULL,NULL,NULL,NA,NULL,NULL,NULL,,NA,,,NULL,NULL,NULL
Heavily indebted poor countries (HIPC),XE,Heavily indebted poor countries (HIPC),NULL,CNT,HPC,NULL,NULL,NULL,NULL,NA,NULL,NULL,NULL,,NA,,,NULL,NULL,NULL
IBRD only,XF,IBRD only,NULL,CNT,IBD,NULL,NULL,NULL,NULL,NA,NULL,NULL,NULL,,NA,,,NULL,NULL,NULL
IDA total,XG,IDA total,NULL,CNT,IDA,NULL,NULL,NULL,NULL,NA,NULL,NULL,NULL,,NA,,,NULL,NULL,NULL
IDA blend,XH,IDA blend,NULL,CNT,IDB,NULL,NULL,NULL,NULL,NA,NULL,NULL,NULL,,NA,,,NULL,NULL,NULL
IDA only,XI,IDA only,NULL,CNT,IDX,NULL,NULL,NULL,NULL,NA,NULL,NULL,NULL,,NA,,,NULL,NULL,NULL
Latin America & Caribbean (excluding high income),XJ,Latin America & Caribbean (excluding high income),NULL,CNT,LAC,NULL,NULL,NULL,NULL,NA,NULL,NULL,NULL,,NA,,,NULL,NULL,NULL
Kosovo,XK,Kosovo,NULL,CNT,XKX,NULL,NULL,NULL,NULL,Z7,NULL,NULL,NULL,7E,XN,Pristina,XI,NULL,NULL,NULL
Least developed countries: UN classification,XL,Least developed countries: UN classification,NULL,CNT,LDC,NULL,NULL,NULL,NULL,NA,NULL,NULL,NULL,,NA,,,NULL,NULL,NULL
Low income,XM,Low income,NULL,CNT,LIC,NULL,NULL,NULL,NULL,NA,NULL,NULL,NULL,,NA,,,NULL,NULL,NULL
Lower middle income,XN,Lower middle income,NULL,CNT,LMC,NULL,NULL,NULL,NULL,NA,NULL,NULL,NULL,,NA,,,NULL,NULL,NULL
Low & middle income,XO,Low & middle income,NULL,CNT,LMY,NULL,NULL,NULL,NULL,NA,NULL,NULL,NULL,,NA,,,NULL,NULL,NULL
Middle income,XP,Middle income,NULL,CNT,MIC,NULL,NULL,NULL,NULL,NA,NULL,NULL,NULL,,NA,,,NULL,NULL,NULL
Middle East & North Africa (excluding high income),XQ,Middle East & North Africa (excluding high income),NULL,CNT,MNA,NULL,NULL,NULL,NULL,NA,NULL,NULL,NULL,,NA,,,NULL,NULL,NULL
Upper middle income,XT,Upper middle income,NULL,CNT,UMC,NULL,NULL,NULL,NULL,NA,NULL,NULL,NULL,,NA,,,NULL,NULL,NULL
North America,XU,North America,NULL,CNT,NAC,NULL,NULL,NULL,NULL,NA,NULL,NULL,NULL,,NA,,,NULL,NULL,NULL
Not classified,XY,Not classified,NULL,CNT,INX,NULL,NULL,NULL,NULL,NA,NULL,NULL,NULL,,NA,,,NULL,NULL,NULL
"Yemen, Rep.",YE,"Yemen, Rep.",NULL,CNT,YEM,NULL,NULL,NULL,NULL,ZQ,NULL,NULL,NULL,XQ,XN,Sana'a,XI,NULL,NULL,NULL
East Asia & Pacific,Z4,East Asia & Pacific,NULL,CNT,EAS,NULL,NULL,NULL,NULL,NA,NULL,NULL,NULL,,NA,,,NULL,NULL,NULL
Europe & Central Asia,Z7,Europe & Central Asia,NULL,CNT,ECS,NULL,NULL,NULL,NULL,NA,NULL,NULL,NULL,,NA,,,NULL,NULL,NULL
South Africa,ZA,South Africa,NULL,CNT,ZAF,NULL,NULL,NULL,NULL,ZG,NULL,NULL,NULL,ZF,XT,Pretoria,XF,NULL,NULL,NULL
"IBRD, including blend",ZB,"IBRD, including blend",NULL,CNT,IBB,NULL,NULL,NULL,NULL,NA,NULL,NULL,NULL,,NA,,,NULL,NULL,NULL
Sub-Saharan Africa (excluding high income),ZF,Sub-Saharan Africa (excluding high income),NULL,CNT,SSA,NULL,NULL,NULL,NULL,NA,NULL,NULL,NULL,,NA,,,NULL,NULL,NULL
Sub-Saharan Africa ,ZG,Sub-Saharan Africa ,NULL,CNT,SSF,NULL,NULL,NULL,NULL,NA,NULL,NULL,NULL,,NA,,,NULL,NULL,NULL
Latin America & Caribbean ,ZJ,Latin America & Caribbean ,NULL,CNT,LCN,NULL,NULL,NULL,NULL,NA,NULL,NULL,NULL,,NA,,,NULL,NULL,NULL
Zambia,ZM,Zambia,NULL,CNT,ZMB,NULL,NULL,NULL,NULL,ZG,NULL,NULL,NULL,ZF,XN,Lusaka,XI,NULL,NULL,NULL
Middle East & North Africa,ZQ,Middle East & North Africa,NULL,CNT,MEA,NULL,NULL,NULL,NULL,NA,NULL,NULL,NULL,,NA,,,NULL,NULL,NULL
IDA & IBRD total,ZT,IDA & IBRD total,NULL,CNT,IBT,NULL,NULL,NULL,NULL,NA,NULL,NULL,NULL,,NA,,,NULL,NULL,NULL
Zimbabwe,ZW,Zimbabwe,NULL,CNT,ZWE,NULL,NULL,NULL,NULL,ZG,NULL,NULL,NULL,ZF,XM,Harare,XH,NULL,NULL,NULL
